track_id,track_name,cluster
1Jxw9a5A2fDvcBTBVy0tEJ,It's Gonna Be Me,1
0MghAx3U7gjFqKnVXhCKfO,Hypnotized – Club Dub Mix,7
60hOpYCnX2rBNGTWagexTI,Giant Mantis vs. TURT nip,2
64Y6gzVwzZDcbzUELRP8Vl,The Idol,8
4CGq4Jd66Pn6xzE5CWH5fP,Será Que Foi Saudade,8
3TAhWtQnpoL5Vl9VQPl9fU,Senorita,1
5pBkstDXtKf2eKXmrp2yJw,Cao,8
4aMzjL2GUQxTLjHVLxGMxp,The glass globes,3
1OF1zmUMkJkne2fG5hawGt,Wake Up Baby - Remastered,7
2EL5gXorSMH6WIVpaPdInU,Cut the Strings - 7'' Remix,0
6jd57RvhSrREibo2sXE7QP,Protection,8
0dG2G9o9rLBBH7pQnTSH2w,Deserted Cities of the Heart - Live,2
2I3nwlynB8jaZRSVu57oFk,Poor Born,2
4dMd78CAyXn0HqGF5TOGb3,Paixão de um Homem,1
5guIneSyc5l30ibdysyy6O,Prejudice,8
4pevaIltBeg3qpiXjl4enB,Kiss Me on the Phone,8
0TaYBrU6ME2jgZXXwlaHLI,Exacto,7
1Se6jsMePzQ9YFTocyI3bk,Bali,8
6jvmJBykmYQJZGKbPZzQJK,Hard Candy,2
2R5WcTBgRbVjteBBvMVvWa,Sweater Weather - Kove Remix,7

